report_type,baseline_server_id,server_id,server_name,suite_name,scenario_name,point_label,method,method_display,success,mean_ms,p95_ms,non_empty_rate,result_metric_name,result_metric_label,result_metric_value,result_metric_delta,validation_passed,validation_failure_count
benchmark,pyright,pyright,Pyright,data_science,,dataframe completion,textDocument/completion,textDocument/completion,True,6.5236328000310095,10.137338400045337,1.0,completion_item_count,Completions found,201.0,0.0,True,0
benchmark,pyright,ty,Ty,data_science,,dataframe completion,textDocument/completion,textDocument/completion,True,1.6823806000275,1.8831895999710466,1.0,completion_item_count,Completions found,223.0,22.0,True,0
benchmark,pyright,pyrefly,Pyrefly,data_science,,dataframe completion,textDocument/completion,textDocument/completion,True,31.326926600013394,122.44930620004195,1.0,completion_item_count,Completions found,250.0,49.0,True,0
benchmark,pyright,pylsp-mypy,pylsp-mypy,data_science,,dataframe completion,textDocument/completion,textDocument/completion,True,183.62287080001352,487.6230115999987,1.0,completion_item_count,Completions found,188.0,-13.0,True,0
benchmark,pyright,pyright,Pyright,data_science,,dataframe describe hover,textDocument/hover,textDocument/hover,True,1.0571923999805222,1.18785639995167,1.0,hover_text_char_count,Hover length,4019.0,0.0,True,0
benchmark,pyright,ty,Ty,data_science,,dataframe describe hover,textDocument/hover,textDocument/hover,True,0.2700739999909274,0.3202980000196476,1.0,hover_text_char_count,Hover length,4232.0,213.0,True,0
benchmark,pyright,pyrefly,Pyrefly,data_science,,dataframe describe hover,textDocument/hover,textDocument/hover,True,2.305539000008139,2.5377755999898,1.0,hover_text_char_count,Hover length,2589.0,-1430.0,True,0
benchmark,pyright,pylsp-mypy,pylsp-mypy,data_science,,dataframe describe hover,textDocument/hover,textDocument/hover,True,185.53665820002152,190.09858639994945,1.0,hover_text_char_count,Hover length,4134.0,115.0,True,0
benchmark,pyright,pyright,Pyright,data_science,,summarize definition,textDocument/definition,textDocument/definition,True,0.4374460000235558,0.48837440003808297,1.0,location_count,Definitions found,1.0,0.0,True,0
benchmark,pyright,ty,Ty,data_science,,summarize definition,textDocument/definition,textDocument/definition,True,0.17513600002985186,0.19167719997312815,1.0,location_count,Definitions found,1.0,0.0,True,0
benchmark,pyright,pyrefly,Pyrefly,data_science,,summarize definition,textDocument/definition,textDocument/definition,True,0.25175259997922694,0.3038351999521183,1.0,location_count,Definitions found,1.0,0.0,True,0
benchmark,pyright,pylsp-mypy,pylsp-mypy,data_science,,summarize definition,textDocument/definition,textDocument/definition,True,0.9889584000120522,1.02710020005361,1.0,location_count,Definitions found,1.0,0.0,True,0
benchmark,pyright,pyright,Pyright,data_science,,edit array then complete (edit+completion),textDocument/completion,textDocument/completion,True,284.6340621999843,403.99933519995557,1.0,completion_item_count,Completions found,169.0,0.0,True,0
benchmark,pyright,ty,Ty,data_science,,edit array then complete (edit+completion),textDocument/completion,textDocument/completion,True,7.8466477999882045,8.82699079993472,1.0,completion_item_count,Completions found,168.0,-1.0,True,0
benchmark,pyright,pyrefly,Pyrefly,data_science,,edit array then complete (edit+completion),textDocument/completion,textDocument/completion,True,11.328155599971979,13.315203399929487,1.0,completion_item_count,Completions found,149.0,-20.0,True,0
benchmark,pyright,pylsp-mypy,pylsp-mypy,data_science,,edit array then complete (edit+completion),textDocument/completion,textDocument/completion,False,3.8319926000212945,3.988592400014568,0.0,completion_item_count,Completions found,0.0,-169.0,False,10
benchmark,pyright,pyright,Pyright,data_science,,edit array then hover (edit+hover),textDocument/hover,textDocument/hover,True,30.034848599984798,32.06341220002287,1.0,hover_text_char_count,Hover length,278.0,0.0,True,0
benchmark,pyright,ty,Ty,data_science,,edit array then hover (edit+hover),textDocument/hover,textDocument/hover,True,2.952528799983156,2.983272999995279,1.0,hover_text_char_count,Hover length,267.0,-11.0,True,0
benchmark,pyright,pyrefly,Pyrefly,data_science,,edit array then hover (edit+hover),textDocument/hover,textDocument/hover,True,0.45241259997510497,0.4660761999502938,1.0,hover_text_char_count,Hover length,1909.0,1631.0,True,0
benchmark,pyright,pylsp-mypy,pylsp-mypy,data_science,,edit array then hover (edit+hover),textDocument/hover,textDocument/hover,True,174.84652059997643,187.322822599981,1.0,hover_text_char_count,Hover length,5662.0,5384.0,True,0
benchmark,pyright,pyright,Pyright,django,,queryset completion,textDocument/completion,textDocument/completion,True,5.001955200032171,9.273427800007994,1.0,completion_item_count,Completions found,10.0,0.0,True,0
benchmark,pyright,ty,Ty,django,,queryset completion,textDocument/completion,textDocument/completion,True,4.574893400013025,6.906605599988324,1.0,completion_item_count,Completions found,259.0,249.0,True,0
benchmark,pyright,pyrefly,Pyrefly,django,,queryset completion,textDocument/completion,textDocument/completion,True,21.308011599990095,75.40461200001117,1.0,completion_item_count,Completions found,15.0,5.0,True,0
benchmark,pyright,pylsp-mypy,pylsp-mypy,django,,queryset completion,textDocument/completion,textDocument/completion,True,189.35353539998232,575.6315125999889,1.0,completion_item_count,Completions found,2.0,-8.0,True,0
benchmark,pyright,pyright,Pyright,django,,queryset filter hover,textDocument/hover,textDocument/hover,True,0.472252799954731,0.5161009999255839,1.0,hover_text_char_count,Hover length,57.0,0.0,True,0
benchmark,pyright,ty,Ty,django,,queryset filter hover,textDocument/hover,textDocument/hover,True,0.18766519997370779,0.20906999995986553,1.0,hover_text_char_count,Hover length,46.0,-11.0,True,0
benchmark,pyright,pyrefly,Pyrefly,django,,queryset filter hover,textDocument/hover,textDocument/hover,True,1.0088541999721201,2.756643399970926,1.0,hover_text_char_count,Hover length,298.0,241.0,True,0
benchmark,pyright,pylsp-mypy,pylsp-mypy,django,,queryset filter hover,textDocument/hover,textDocument/hover,True,159.69112040002074,162.41101260002324,1.0,hover_text_char_count,Hover length,57.0,0.0,True,0
benchmark,pyright,pyright,Pyright,django,,model definition,textDocument/definition,textDocument/definition,True,0.3409004000332061,0.4002840000339347,1.0,location_count,Definitions found,1.0,0.0,True,0
benchmark,pyright,ty,Ty,django,,model definition,textDocument/definition,textDocument/definition,True,0.15695039999172877,0.16761820004376204,1.0,location_count,Definitions found,1.0,0.0,True,0
benchmark,pyright,pyrefly,Pyrefly,django,,model definition,textDocument/definition,textDocument/definition,True,0.17009880000387056,0.1881899999716552,1.0,location_count,Definitions found,1.0,0.0,True,0
benchmark,pyright,pylsp-mypy,pylsp-mypy,django,,model definition,textDocument/definition,textDocument/definition,True,1.0371569999733765,1.0536375999663505,1.0,location_count,Definitions found,1.0,0.0,True,0
benchmark,pyright,pyright,Pyright,django,,edit queryset then complete (edit+completion),textDocument/completion,textDocument/completion,True,22.939779999978782,26.94682759997704,1.0,completion_item_count,Completions found,105.0,0.0,True,0
benchmark,pyright,ty,Ty,django,,edit queryset then complete (edit+completion),textDocument/completion,textDocument/completion,True,2.808061199993972,3.0117079999627094,1.0,completion_item_count,Completions found,104.0,-1.0,True,0
benchmark,pyright,pyrefly,Pyrefly,django,,edit queryset then complete (edit+completion),textDocument/completion,textDocument/completion,True,1.006418599990866,1.071208399957868,1.0,completion_item_count,Completions found,83.0,-22.0,True,0
benchmark,pyright,pylsp-mypy,pylsp-mypy,django,,edit queryset then complete (edit+completion),textDocument/completion,textDocument/completion,True,239.10834539999541,281.7111527999941,1.0,completion_item_count,Completions found,143.0,38.0,True,0
benchmark,pyright,pyright,Pyright,django,,edit queryset then hover (edit+hover),textDocument/hover,textDocument/hover,True,38.030325800014,47.374870999965424,1.0,hover_text_char_count,Hover length,83.0,0.0,True,0
benchmark,pyright,ty,Ty,django,,edit queryset then hover (edit+hover),textDocument/hover,textDocument/hover,True,1.5917940000008457,1.644892199988135,1.0,hover_text_char_count,Hover length,100.0,17.0,True,0
benchmark,pyright,pyrefly,Pyrefly,django,,edit queryset then hover (edit+hover),textDocument/hover,textDocument/hover,True,2.3104665999881036,3.472491599973182,1.0,hover_text_char_count,Hover length,858.0,775.0,True,0
benchmark,pyright,pylsp-mypy,pylsp-mypy,django,,edit queryset then hover (edit+hover),textDocument/hover,textDocument/hover,True,242.93242380003903,246.15819500006637,1.0,hover_text_char_count,Hover length,71.0,-12.0,True,0
benchmark,pyright,pyright,Pyright,pandas,,report dataframe completion,textDocument/completion,textDocument/completion,True,71.5026301999842,235.7678433999808,1.0,completion_item_count,Completions found,271.2,0.0,True,0
benchmark,pyright,ty,Ty,pandas,,report dataframe completion,textDocument/completion,textDocument/completion,True,17.563352399974974,21.370256599925597,1.0,completion_item_count,Completions found,1000.0,728.8,True,0
benchmark,pyright,pyrefly,Pyrefly,pandas,,report dataframe completion,textDocument/completion,textDocument/completion,True,39.536124199980804,147.39574380002975,1.0,completion_item_count,Completions found,16.0,-255.2,True,0
benchmark,pyright,pylsp-mypy,pylsp-mypy,pandas,,report dataframe completion,textDocument/completion,textDocument/completion,True,55.855079200000546,74.0652019999743,1.0,completion_item_count,Completions found,6.0,-265.2,True,0
benchmark,pyright,pyright,Pyright,pandas,,dataframe groupby hover,textDocument/hover,textDocument/hover,True,0.8056975999807037,0.9369757999820649,1.0,hover_text_char_count,Hover length,350.0,0.0,True,0
benchmark,pyright,ty,Ty,pandas,,dataframe groupby hover,textDocument/hover,textDocument/hover,True,0.22563880002053338,0.25651160003690165,1.0,hover_text_char_count,Hover length,329.0,-21.0,True,0
benchmark,pyright,pyrefly,Pyrefly,pandas,,dataframe groupby hover,textDocument/hover,textDocument/hover,True,5.671684200001437,7.4090694000460635,1.0,hover_text_char_count,Hover length,2588.0,2238.0,True,0
benchmark,pyright,pylsp-mypy,pylsp-mypy,pandas,,dataframe groupby hover,textDocument/hover,textDocument/hover,True,197.8708712000298,204.3083566000405,1.0,hover_text_char_count,Hover length,301.0,-49.0,True,0
benchmark,pyright,pyright,Pyright,pandas,,build report definition,textDocument/definition,textDocument/definition,True,0.5060393999883672,0.7357478000130868,1.0,location_count,Definitions found,1.0,0.0,True,0
benchmark,pyright,ty,Ty,pandas,,build report definition,textDocument/definition,textDocument/definition,True,0.15342980000241369,0.1583776000643411,1.0,location_count,Definitions found,1.0,0.0,True,0
benchmark,pyright,pyrefly,Pyrefly,pandas,,build report definition,textDocument/definition,textDocument/definition,True,2.538791999973,4.459140999983902,1.0,location_count,Definitions found,1.0,0.0,True,0
benchmark,pyright,pylsp-mypy,pylsp-mypy,pandas,,build report definition,textDocument/definition,textDocument/definition,True,1.055540600009408,1.089361599952099,1.0,location_count,Definitions found,1.0,0.0,True,0
benchmark,pyright,pyright,Pyright,pandas,,edit dataframe then complete (edit+completion),textDocument/completion,textDocument/completion,True,357.01017619996946,808.1759610000062,1.0,completion_item_count,Completions found,441.0,0.0,True,0
benchmark,pyright,ty,Ty,pandas,,edit dataframe then complete (edit+completion),textDocument/completion,textDocument/completion,True,12.577334799993878,13.184262599997965,1.0,completion_item_count,Completions found,448.0,7.0,True,0
benchmark,pyright,pyrefly,Pyrefly,pandas,,edit dataframe then complete (edit+completion),textDocument/completion,textDocument/completion,True,12.530596399983551,18.167297599939047,1.0,completion_item_count,Completions found,256.0,-185.0,True,0
benchmark,pyright,pylsp-mypy,pylsp-mypy,pandas,,edit dataframe then complete (edit+completion),textDocument/completion,textDocument/completion,True,229.8674095999786,264.01575479997064,1.0,completion_item_count,Completions found,441.0,0.0,True,0
benchmark,pyright,pyright,Pyright,pandas,,edit dataframe then hover (edit+hover),textDocument/hover,textDocument/hover,True,11.03901940000469,14.898953000010804,1.0,hover_text_char_count,Hover length,4292.0,0.0,True,0
benchmark,pyright,ty,Ty,pandas,,edit dataframe then hover (edit+hover),textDocument/hover,textDocument/hover,True,2.2844132000045647,2.356281599986687,1.0,hover_text_char_count,Hover length,4441.0,149.0,True,0
benchmark,pyright,pyrefly,Pyrefly,pandas,,edit dataframe then hover (edit+hover),textDocument/hover,textDocument/hover,True,18.78394620000563,49.78458080001928,1.0,hover_text_char_count,Hover length,794.0,-3498.0,True,0
benchmark,pyright,pylsp-mypy,pylsp-mypy,pandas,,edit dataframe then hover (edit+hover),textDocument/hover,textDocument/hover,True,189.40494500000113,195.74494559992672,1.0,hover_text_char_count,Hover length,232.0,-4060.0,True,0
benchmark,pyright,pyright,Pyright,sqlalchemy,,query completion,textDocument/completion,textDocument/completion,True,6.302410800003599,11.176704400054405,1.0,completion_item_count,Completions found,1.0,0.0,True,0
benchmark,pyright,ty,Ty,sqlalchemy,,query completion,textDocument/completion,textDocument/completion,True,3.396172799989472,7.864607400006205,1.0,completion_item_count,Completions found,1.0,0.0,True,0
benchmark,pyright,pyrefly,Pyrefly,sqlalchemy,,query completion,textDocument/completion,textDocument/completion,True,64.67912019998039,252.25570940003757,1.0,completion_item_count,Completions found,15.0,14.0,True,0
benchmark,pyright,pylsp-mypy,pylsp-mypy,sqlalchemy,,query completion,textDocument/completion,textDocument/completion,True,189.85936559997754,373.79152620003424,1.0,completion_item_count,Completions found,1.0,0.0,True,0
benchmark,pyright,pyright,Pyright,sqlalchemy,,sessionmaker hover,textDocument/hover,textDocument/hover,True,1.2145436000309928,1.5030238000463214,1.0,hover_text_char_count,Hover length,10572.0,0.0,True,0
benchmark,pyright,ty,Ty,sqlalchemy,,sessionmaker hover,textDocument/hover,textDocument/hover,True,0.35835480002788245,0.3758770000331424,1.0,hover_text_char_count,Hover length,10628.0,56.0,True,0
benchmark,pyright,pyrefly,Pyrefly,sqlalchemy,,sessionmaker hover,textDocument/hover,textDocument/hover,True,0.9921549999944546,1.071764999937841,1.0,hover_text_char_count,Hover length,13188.0,2616.0,True,0
benchmark,pyright,pylsp-mypy,pylsp-mypy,sqlalchemy,,sessionmaker hover,textDocument/hover,textDocument/hover,True,316.97415739999997,321.74645400002646,1.0,hover_text_char_count,Hover length,10498.0,-74.0,True,0
benchmark,pyright,pyright,Pyright,sqlalchemy,,mapped class definition,textDocument/definition,textDocument/definition,True,0.4068468000014036,0.4519348000712853,1.0,location_count,Definitions found,1.0,0.0,True,0
benchmark,pyright,ty,Ty,sqlalchemy,,mapped class definition,textDocument/definition,textDocument/definition,True,0.1775679999809654,0.19047979994866182,1.0,location_count,Definitions found,2.0,1.0,True,0
benchmark,pyright,pyrefly,Pyrefly,sqlalchemy,,mapped class definition,textDocument/definition,textDocument/definition,True,0.2250717999686458,0.2392310000004727,1.0,location_count,Definitions found,1.0,0.0,True,0
benchmark,pyright,pylsp-mypy,pylsp-mypy,sqlalchemy,,mapped class definition,textDocument/definition,textDocument/definition,True,1.2093927999558218,1.4637462000109736,1.0,location_count,Definitions found,1.0,0.0,True,0
benchmark,pyright,pyright,Pyright,sqlalchemy,,edit query then complete (edit+completion),textDocument/completion,textDocument/completion,True,129.44652540002153,156.38508919998912,1.0,completion_item_count,Completions found,39.0,0.0,True,0
benchmark,pyright,ty,Ty,sqlalchemy,,edit query then complete (edit+completion),textDocument/completion,textDocument/completion,True,1.9833546000654678,2.1718932000567293,1.0,completion_item_count,Completions found,23.0,-16.0,True,0
benchmark,pyright,pyrefly,Pyrefly,sqlalchemy,,edit query then complete (edit+completion),textDocument/completion,textDocument/completion,True,4.596183599983306,7.369174400014344,1.0,completion_item_count,Completions found,17.0,-22.0,True,0
benchmark,pyright,pylsp-mypy,pylsp-mypy,sqlalchemy,,edit query then complete (edit+completion),textDocument/completion,textDocument/completion,False,35.240624000016396,36.33442840002772,0.0,completion_item_count,Completions found,0.0,-39.0,False,10
benchmark,pyright,pyright,Pyright,sqlalchemy,,edit session then hover (edit+hover),textDocument/hover,textDocument/hover,True,77.35711799998626,85.97700199998144,1.0,hover_text_char_count,Hover length,900.0,0.0,True,0
benchmark,pyright,ty,Ty,sqlalchemy,,edit session then hover (edit+hover),textDocument/hover,textDocument/hover,True,1.7372236000255725,1.756726799999342,1.0,hover_text_char_count,Hover length,958.0,58.0,True,0
benchmark,pyright,pyrefly,Pyrefly,sqlalchemy,,edit session then hover (edit+hover),textDocument/hover,textDocument/hover,True,1.6289981999989323,4.875520800010235,1.0,hover_text_char_count,Hover length,2137.0,1237.0,True,0
benchmark,pyright,pylsp-mypy,pylsp-mypy,sqlalchemy,,edit session then hover (edit+hover),textDocument/hover,textDocument/hover,False,34.85550080001758,35.1023350000105,0.0,hover_text_char_count,Hover length,0.0,-900.0,False,10
benchmark,pyright,pyright,Pyright,transformers,,classifier pipeline completion,textDocument/completion,textDocument/completion,True,57.067033799989986,85.65554280000924,1.0,completion_item_count,Completions found,123.0,0.0,True,0
benchmark,pyright,ty,Ty,transformers,,classifier pipeline completion,textDocument/completion,textDocument/completion,True,13.135563200012257,17.755466800008435,1.0,completion_item_count,Completions found,773.0,650.0,True,0
benchmark,pyright,pyrefly,Pyrefly,transformers,,classifier pipeline completion,textDocument/completion,textDocument/completion,True,245.26510659998166,963.0519889999275,1.0,completion_item_count,Completions found,15.0,-108.0,True,0
benchmark,pyright,pylsp-mypy,pylsp-mypy,transformers,,classifier pipeline completion,textDocument/completion,textDocument/completion,True,142.2980968000047,144.82030899996516,1.0,completion_item_count,Completions found,2.0,-121.0,True,0
benchmark,pyright,pyright,Pyright,transformers,,pipeline hover,textDocument/hover,textDocument/hover,True,0.48355560002164566,0.5892273999734243,1.0,hover_text_char_count,Hover length,34.0,0.0,True,0
benchmark,pyright,ty,Ty,transformers,,pipeline hover,textDocument/hover,textDocument/hover,True,0.20136759999331844,0.21317519995136536,1.0,hover_text_char_count,Hover length,7.0,-27.0,True,0
benchmark,pyright,pyrefly,Pyrefly,transformers,,pipeline hover,textDocument/hover,textDocument/hover,True,0.8129928000016662,1.712408200023674,1.0,hover_text_char_count,Hover length,48.0,14.0,True,0
benchmark,pyright,pylsp-mypy,pylsp-mypy,transformers,,pipeline hover,textDocument/hover,textDocument/hover,False,2789.345255599983,2892.0676511999545,0.0,hover_text_char_count,Hover length,0.0,-34.0,False,10
benchmark,pyright,pyright,Pyright,transformers,,auto tokenizer definition,textDocument/definition,textDocument/definition,True,0.43884419999358215,0.5089464000093358,1.0,location_count,Definitions found,1.0,0.0,True,0
benchmark,pyright,ty,Ty,transformers,,auto tokenizer definition,textDocument/definition,textDocument/definition,True,0.2528075999862267,0.2716424000027473,1.0,location_count,Definitions found,1.0,0.0,True,0
benchmark,pyright,pyrefly,Pyrefly,transformers,,auto tokenizer definition,textDocument/definition,textDocument/definition,True,0.40628079998441535,1.031925000029332,1.0,location_count,Definitions found,1.0,0.0,True,0
benchmark,pyright,pylsp-mypy,pylsp-mypy,transformers,,auto tokenizer definition,textDocument/definition,textDocument/definition,True,2241.3170853999645,2338.3266351999964,1.0,location_count,Definitions found,1.0,0.0,True,0
benchmark,pyright,pyright,Pyright,transformers,,edit prediction then complete (edit+completion),textDocument/completion,textDocument/completion,True,6.5318718000071385,7.137870199971985,0.0,completion_item_count,Completions found,0.0,0.0,True,0
benchmark,pyright,ty,Ty,transformers,,edit prediction then complete (edit+completion),textDocument/completion,textDocument/completion,True,3.410882599996512,3.615197199951581,1.0,completion_item_count,Completions found,23.0,23.0,True,0
benchmark,pyright,pyrefly,Pyrefly,transformers,,edit prediction then complete (edit+completion),textDocument/completion,textDocument/completion,True,2.7213153999582573,7.328921599969361,0.0,completion_item_count,Completions found,0.0,0.0,True,0
benchmark,pyright,pylsp-mypy,pylsp-mypy,transformers,,edit prediction then complete (edit+completion),textDocument/completion,textDocument/completion,True,2.625453800010291,2.757124400000066,0.0,completion_item_count,Completions found,0.0,0.0,True,0
benchmark,pyright,pyright,Pyright,transformers,,edit tokenizer then hover (edit+hover),textDocument/hover,textDocument/hover,True,601.5607485999908,628.4319824000249,1.0,hover_text_char_count,Hover length,30.0,0.0,True,0
benchmark,pyright,ty,Ty,transformers,,edit tokenizer then hover (edit+hover),textDocument/hover,textDocument/hover,True,3.187884200019653,3.2431314000177736,1.0,hover_text_char_count,Hover length,7.0,-23.0,True,0
benchmark,pyright,pyrefly,Pyrefly,transformers,,edit tokenizer then hover (edit+hover),textDocument/hover,textDocument/hover,True,11.78885879999143,26.040133599985893,1.0,hover_text_char_count,Hover length,33.0,3.0,True,0
benchmark,pyright,pylsp-mypy,pylsp-mypy,transformers,,edit tokenizer then hover (edit+hover),textDocument/hover,textDocument/hover,False,2669.0847187999907,2737.2064791999946,0.0,hover_text_char_count,Hover length,0.0,-30.0,False,10
benchmark,pyright,pyright,Pyright,web,,request args completion,textDocument/completion,textDocument/completion,True,4.350210000006882,7.422960200005945,1.0,completion_item_count,Completions found,14.0,0.0,True,0
benchmark,pyright,ty,Ty,web,,request args completion,textDocument/completion,textDocument/completion,True,5.942909600003077,9.25820379995912,1.0,completion_item_count,Completions found,454.0,440.0,True,0
benchmark,pyright,pyrefly,Pyrefly,web,,request args completion,textDocument/completion,textDocument/completion,True,48.54990940004882,146.63243140005304,1.0,completion_item_count,Completions found,254.4,240.4,True,0
benchmark,pyright,pylsp-mypy,pylsp-mypy,web,,request args completion,textDocument/completion,textDocument/completion,True,67.36763019996488,96.23312079995685,1.0,completion_item_count,Completions found,1.0,-13.0,True,0
benchmark,pyright,pyright,Pyright,web,,client session hover,textDocument/hover,textDocument/hover,True,0.4901329999938753,0.5256965999706154,1.0,hover_text_char_count,Hover length,26.0,0.0,True,0
benchmark,pyright,ty,Ty,web,,client session hover,textDocument/hover,textDocument/hover,True,0.17617959997551225,0.20361359997878026,1.0,hover_text_char_count,Hover length,7.0,-19.0,True,0
benchmark,pyright,pyrefly,Pyrefly,web,,client session hover,textDocument/hover,textDocument/hover,True,2.8460838000000876,9.648236800057928,1.0,hover_text_char_count,Hover length,149.0,123.0,True,0
benchmark,pyright,pylsp-mypy,pylsp-mypy,web,,client session hover,textDocument/hover,textDocument/hover,True,133.4011671999633,241.27726219999204,1.0,hover_text_char_count,Hover length,359.0,333.0,True,0
benchmark,pyright,pyright,Pyright,web,,client references,textDocument/references,textDocument/references,True,0.7208505999642512,0.8066221999570189,1.0,location_count,References found,2.0,0.0,True,0
benchmark,pyright,ty,Ty,web,,client references,textDocument/references,textDocument/references,True,0.4896169999938138,0.5761913999549506,1.0,location_count,References found,2.0,0.0,True,0
benchmark,pyright,pyrefly,Pyrefly,web,,client references,textDocument/references,textDocument/references,True,0.34385900000870606,0.36276999999245163,1.0,location_count,References found,2.0,0.0,True,0
benchmark,pyright,pylsp-mypy,pylsp-mypy,web,,client references,textDocument/references,textDocument/references,True,3.8875559999951292,4.460005999931127,1.0,location_count,References found,2.0,0.0,True,0
benchmark,pyright,pyright,Pyright,web,,edit response then complete (edit+completion),textDocument/completion,textDocument/completion,True,4.6414416000061465,6.688903199983542,1.0,completion_item_count,Completions found,205.0,0.0,True,0
benchmark,pyright,ty,Ty,web,,edit response then complete (edit+completion),textDocument/completion,textDocument/completion,True,3.075160000003052,4.336236800054394,1.0,completion_item_count,Completions found,225.0,20.0,True,0
benchmark,pyright,pyrefly,Pyrefly,web,,edit response then complete (edit+completion),textDocument/completion,textDocument/completion,True,3.4244963999981337,3.5278035999454005,1.0,completion_item_count,Completions found,32.0,-173.0,True,0
benchmark,pyright,pylsp-mypy,pylsp-mypy,web,,edit response then complete (edit+completion),textDocument/completion,textDocument/completion,True,82.34589940000205,85.98757840002236,1.0,completion_item_count,Completions found,57.0,-148.0,True,0
benchmark,pyright,pyright,Pyright,web,,edit response then hover (edit+hover),textDocument/hover,textDocument/hover,True,28.94306980001602,31.884485000068707,1.0,hover_text_char_count,Hover length,420.0,0.0,True,0
benchmark,pyright,ty,Ty,web,,edit response then hover (edit+hover),textDocument/hover,textDocument/hover,True,1.1522708000029525,1.1758602000554674,1.0,hover_text_char_count,Hover length,1613.0,1193.0,True,0
benchmark,pyright,pyrefly,Pyrefly,web,,edit response then hover (edit+hover),textDocument/hover,textDocument/hover,True,3.8132032000021354,4.552498199973343,1.0,hover_text_char_count,Hover length,3585.0,3165.0,True,0
benchmark,pyright,pylsp-mypy,pylsp-mypy,web,,edit response then hover (edit+hover),textDocument/hover,textDocument/hover,True,234.21648700002606,238.43639240001266,1.0,hover_text_char_count,Hover length,880.0,460.0,True,0
benchmark,pyright,pyrefly,Pyrefly,tsp_core,,builtins semantic tokens,typeServer/semanticTokens,semantic token impl using typeServer/getComputedType,True,0.852662799979953,0.9488543999623288,1.0,semantic_token_count,Semantic tokens found,30.0,,True,0
benchmark,pyright,pyrefly,Pyrefly,tsp_core,,builtin int computed type,typeServer/getComputedType,typeServer/getComputedType,True,0.12337819998720079,0.1303473999541893,1.0,top_level_count,Results found,7.0,,True,0
benchmark,pyright,pyrefly,Pyrefly,tsp_core,,list declared type,typeServer/getDeclaredType,typeServer/getDeclaredType,True,0.172812799996791,0.18847200005893683,1.0,top_level_count,Results found,7.0,,True,0
benchmark,pyright,pyrefly,Pyrefly,tsp_core,,generic specialization computed type,typeServer/getComputedType,typeServer/getComputedType,True,0.1547157999539195,0.16955979995145753,1.0,top_level_count,Results found,7.0,,True,0
benchmark,pyright,pyrefly,Pyrefly,tsp_core,,flow narrowed branch type,typeServer/getComputedType,typeServer/getComputedType,False,0.13171099999453872,0.13935260001289862,,,,,,False,10
benchmark,pyright,pyrefly,Pyrefly,tsp_core,,stdlib path computed type,typeServer/getComputedType,typeServer/getComputedType,True,0.17564819997915038,0.2028683999697023,1.0,top_level_count,Results found,7.0,,True,0
benchmark,pyright,pyrefly,Pyrefly,tsp_core,,function argument expected type,typeServer/getExpectedType,typeServer/getExpectedType,True,0.1617603999648054,0.16755519998241653,1.0,top_level_count,Results found,7.0,,True,0
benchmark,pyright,pyrefly,Pyrefly,tsp_core,,edited narrowing recomputes type (edit+getComputedType),typeServer/getComputedType,typeServer/getComputedType,False,0.17520559999866236,0.20099580003716255,,,,,,False,10
benchmark,pyright,pyrefly,Pyrefly,tsp_semantic,,django semantic tokens,typeServer/semanticTokens,semantic token impl using typeServer/getComputedType,True,57.727390400032164,87.7605620000395,1.0,semantic_token_count,Semantic tokens found,126.0,,True,0
benchmark,pyright,pyrefly,Pyrefly,tsp_semantic,,transformers semantic tokens,typeServer/semanticTokens,semantic token impl using typeServer/getComputedType,True,57.60811439999998,58.8441336000642,1.0,semantic_token_count,Semantic tokens found,74.0,,True,0
benchmark,pyright,pyrefly,Pyrefly,tsp_semantic,,stdlib semantic tokens,typeServer/semanticTokens,semantic token impl using typeServer/getComputedType,True,6.365852199974142,6.541687399953844,1.0,semantic_token_count,Semantic tokens found,75.0,,True,0
